delay_prob,success_rate,avg_steps,avg_env_return
0.0,0.0,8.9375,-0.2293750000000001
0.2,0.0,8.9375,-0.22937500000000013
0.4,0.0,9.145833333333334,-0.23562500000000008
0.6,0.0,8.708333333333334,-0.22520833333333337
